"simulation_run_id","model_class_label","innovation_rate","pop_richness","ssize_25","expected_25","sd_25","ssize_50","expected_50","sd_50"
"urn:uuid:b707061d-28a0-4273-b7c8-525bd7df4eee","pureneutral","0.848579674418","8","6","3.437422125638","1.3978688998890911","5","4.036843799731375","1.593260977725475"
"urn:uuid:b707061d-28a0-4273-b7c8-525bd7df4eee","pureneutral","0.848579674418","15","11","3.437422125638","1.3978688998890911","12","4.036843799731375","1.593260977725475"
"urn:uuid:b707061d-28a0-4273-b7c8-525bd7df4eee","pureneutral","0.848579674418","11","8","3.437422125638","1.3978688998890911","6","4.036843799731375","1.593260977725475"
"urn:uuid:b707061d-28a0-4273-b7c8-525bd7df4eee","pureneutral","0.848579674418","14","10","3.437422125638","1.3978688998890911","10","4.036843799731375","1.593260977725475"
"urn:uuid:cccd9753-2525-42c6-8eea-2074eff879c0","pureneutral","2.126626469","24","13","5.831905030368566","1.8183506357510284","19","7.279709292519435","2.1603416074303423"
"urn:uuid:cccd9753-2525-42c6-8eea-2074eff879c0","pureneutral","2.126626469","16","12","5.831905030368566","1.8183506357510284","13","7.279709292519435","2.1603416074303423"
"urn:uuid:cccd9753-2525-42c6-8eea-2074eff879c0","pureneutral","2.126626469","19","9","5.831905030368566","1.8183506357510284","13","7.279709292519435","2.1603416074303423"
"urn:uuid:cccd9753-2525-42c6-8eea-2074eff879c0","pureneutral","2.126626469","25","12","5.831905030368566","1.8183506357510284","17","7.279709292519435","2.1603416074303423"
"urn:uuid:3c9b30db-8177-4cdb-93ee-64ae996801a1","pureneutral","1.01588416067","17","8","3.810354769897899","1.481020095059773","13","4.52444002062252","1.6988987940535518"
"urn:uuid:3c9b30db-8177-4cdb-93ee-64ae996801a1","pureneutral","1.01588416067","13","9","3.810354769897899","1.481020095059773","11","4.52444002062252","1.6988987940535518"
"urn:uuid:3c9b30db-8177-4cdb-93ee-64ae996801a1","pureneutral","1.01588416067","12","8","3.810354769897899","1.481020095059773","7","4.52444002062252","1.6988987940535518"
"urn:uuid:3c9b30db-8177-4cdb-93ee-64ae996801a1","pureneutral","1.01588416067","20","12","3.810354769897899","1.481020095059773","18","4.52444002062252","1.6988987940535518"
"urn:uuid:a0af334d-eba6-4175-af95-ffc343c45f32","pureneutral","0.482544099542","7","4","2.5235625580233165","1.145505669559077","7","2.868138950984825","1.2852258507057421"
"urn:uuid:a0af334d-eba6-4175-af95-ffc343c45f32","pureneutral","0.482544099542","5","4","2.5235625580233165","1.145505669559077","4","2.868138950984825","1.2852258507057421"
"urn:uuid:a0af334d-eba6-4175-af95-ffc343c45f32","pureneutral","0.482544099542","12","7","2.5235625580233165","1.145505669559077","9","2.868138950984825","1.2852258507057421"
"urn:uuid:a0af334d-eba6-4175-af95-ffc343c45f32","pureneutral","0.482544099542","7","5","2.5235625580233165","1.145505669559077","7","2.868138950984825","1.2852258507057421"
"urn:uuid:03021a9d-4a4a-4452-beb8-67fc64831b9b","pureneutral","0.816780376358","17","7","3.363723335745275","1.3803239362810296","12","3.941223342507008","1.5712702036276565"
"urn:uuid:03021a9d-4a4a-4452-beb8-67fc64831b9b","pureneutral","0.816780376358","12","8","3.363723335745275","1.3803239362810296","10","3.941223342507008","1.5712702036276565"
"urn:uuid:03021a9d-4a4a-4452-beb8-67fc64831b9b","pureneutral","0.816780376358","16","10","3.363723335745275","1.3803239362810296","14","3.941223342507008","1.5712702036276565"
"urn:uuid:03021a9d-4a4a-4452-beb8-67fc64831b9b","pureneutral","0.816780376358","11","5","3.363723335745275","1.3803239362810296","9","3.941223342507008","1.5712702036276565"
"urn:uuid:73aacea6-c4bf-498b-a4ac-fb5b99ff651c","pureneutral","0.960065995128","18","11","3.688577913149573","1.4548388267761392","12","4.36453270869623","1.6653733137576534"
"urn:uuid:73aacea6-c4bf-498b-a4ac-fb5b99ff651c","pureneutral","0.960065995128","11","8","3.688577913149573","1.4548388267761392","8","4.36453270869623","1.6653733137576534"
"urn:uuid:73aacea6-c4bf-498b-a4ac-fb5b99ff651c","pureneutral","0.960065995128","13","10","3.688577913149573","1.4548388267761392","10","4.36453270869623","1.6653733137576534"
"urn:uuid:73aacea6-c4bf-498b-a4ac-fb5b99ff651c","pureneutral","0.960065995128","15","9","3.688577913149573","1.4548388267761392","13","4.36453270869623","1.6653733137576534"
"urn:uuid:94e9bdb6-8381-4e20-9120-0ab2b3478f5f","pureneutral","1.34530212907","17","8","4.482192505616554","1.6112730430307975","12","5.418798379402318","1.8698342525365823"
"urn:uuid:94e9bdb6-8381-4e20-9120-0ab2b3478f5f","pureneutral","1.34530212907","20","10","4.482192505616554","1.6112730430307975","17","5.418798379402318","1.8698342525365823"
"urn:uuid:94e9bdb6-8381-4e20-9120-0ab2b3478f5f","pureneutral","1.34530212907","19","11","4.482192505616554","1.6112730430307975","15","5.418798379402318","1.8698342525365823"
"urn:uuid:94e9bdb6-8381-4e20-9120-0ab2b3478f5f","pureneutral","1.34530212907","15","11","4.482192505616554","1.6112730430307975","14","5.418798379402318","1.8698342525365823"
"urn:uuid:ec7b94c4-b99a-4abb-8bd5-1c26b128ceba","pureneutral","2.28932541444","27","15","6.079970412031997","1.850274173555301","21","7.6313983068821365","2.2079247449094117"
"urn:uuid:ec7b94c4-b99a-4abb-8bd5-1c26b128ceba","pureneutral","2.28932541444","16","7","6.079970412031997","1.850274173555301","13","7.6313983068821365","2.2079247449094117"
"urn:uuid:ec7b94c4-b99a-4abb-8bd5-1c26b128ceba","pureneutral","2.28932541444","26","14","6.079970412031997","1.850274173555301","18","7.6313983068821365","2.2079247449094117"
"urn:uuid:ec7b94c4-b99a-4abb-8bd5-1c26b128ceba","pureneutral","2.28932541444","25","14","6.079970412031997","1.850274173555301","18","7.6313983068821365","2.2079247449094117"
"urn:uuid:96a48e0c-fbc4-4d9c-ae4a-4aafed303e65","pureneutral","2.17334525172","21","15","5.9041302823180795","1.827817073825115","20","7.381787198499292","2.1743559601667655"
"urn:uuid:96a48e0c-fbc4-4d9c-ae4a-4aafed303e65","pureneutral","2.17334525172","24","8","5.9041302823180795","1.827817073825115","17","7.381787198499292","2.1743559601667655"
"urn:uuid:96a48e0c-fbc4-4d9c-ae4a-4aafed303e65","pureneutral","2.17334525172","24","14","5.9041302823180795","1.827817073825115","16","7.381787198499292","2.1743559601667655"
"urn:uuid:96a48e0c-fbc4-4d9c-ae4a-4aafed303e65","pureneutral","2.17334525172","28","11","5.9041302823180795","1.827817073825115","19","7.381787198499292","2.1743559601667655"
"urn:uuid:d5729138-eee3-4f9e-a013-9761d85e3a63","pureneutral","3.70802512496","30","17","7.912664861090644","2.0409810277374794","22","10.329122776480963","2.517960250697476"
"urn:uuid:d5729138-eee3-4f9e-a013-9761d85e3a63","pureneutral","3.70802512496","28","14","7.912664861090644","2.0409810277374794","18","10.329122776480963","2.517960250697476"
"urn:uuid:d5729138-eee3-4f9e-a013-9761d85e3a63","pureneutral","3.70802512496","36","16","7.912664861090644","2.0409810277374794","26","10.329122776480963","2.517960250697476"
"urn:uuid:d5729138-eee3-4f9e-a013-9761d85e3a63","pureneutral","3.70802512496","33","17","7.912664861090644","2.0409810277374794","18","10.329122776480963","2.517960250697476"
"urn:uuid:0fbff06b-fce9-418d-8209-1b6132fab603","pureneutral","4.69319192759","32","13","8.932664277325804","2.1178868906795714","23","11.911959793545273","2.6641381983421795"
"urn:uuid:0fbff06b-fce9-418d-8209-1b6132fab603","pureneutral","4.69319192759","32","18","8.932664277325804","2.1178868906795714","24","11.911959793545273","2.6641381983421795"
"urn:uuid:0fbff06b-fce9-418d-8209-1b6132fab603","pureneutral","4.69319192759","32","16","8.932664277325804","2.1178868906795714","26","11.911959793545273","2.6641381983421795"
"urn:uuid:0fbff06b-fce9-418d-8209-1b6132fab603","pureneutral","4.69319192759","39","17","8.932664277325804","2.1178868906795714","26","11.911959793545273","2.6641381983421795"
"urn:uuid:4ac3a31a-fdc4-4c6e-bbc3-9dd4feabd055","pureneutral","4.06108145171","33","16","8.297411432709556","2.0722200712317087","23","10.91896745615049","2.575090264979788"
"urn:uuid:4ac3a31a-fdc4-4c6e-bbc3-9dd4feabd055","pureneutral","4.06108145171","32","15","8.297411432709556","2.0722200712317087","22","10.91896745615049","2.575090264979788"
"urn:uuid:4ac3a31a-fdc4-4c6e-bbc3-9dd4feabd055","pureneutral","4.06108145171","29","15","8.297411432709556","2.0722200712317087","24","10.91896745615049","2.575090264979788"
"urn:uuid:4ac3a31a-fdc4-4c6e-bbc3-9dd4feabd055","pureneutral","4.06108145171","34","17","8.297411432709556","2.0722200712317087","26","10.91896745615049","2.575090264979788"
"urn:uuid:c62f065f-d966-411d-aa28-7d29514c959c","pureneutral","3.06563883253","32","14","7.146913940653563","1.970207506424726","21","9.180025909559916","2.3965289357989588"
"urn:uuid:c62f065f-d966-411d-aa28-7d29514c959c","pureneutral","3.06563883253","28","17","7.146913940653563","1.970207506424726","23","9.180025909559916","2.3965289357989588"
"urn:uuid:c62f065f-d966-411d-aa28-7d29514c959c","pureneutral","3.06563883253","28","15","7.146913940653563","1.970207506424726","20","9.180025909559916","2.3965289357989588"
"urn:uuid:c62f065f-d966-411d-aa28-7d29514c959c","pureneutral","3.06563883253","26","13","7.146913940653563","1.970207506424726","19","9.180025909559916","2.3965289357989588"
"urn:uuid:8d31e2af-7ea7-4f52-ac59-cbfcb58e875f","pureneutral","2.9194525826","24","9","6.959091484611418","1.9509908064004773","20","8.903073373441483","2.3650640021788982"
"urn:uuid:8d31e2af-7ea7-4f52-ac59-cbfcb58e875f","pureneutral","2.9194525826","30","15","6.959091484611418","1.9509908064004773","20","8.903073373441483","2.3650640021788982"
"urn:uuid:8d31e2af-7ea7-4f52-ac59-cbfcb58e875f","pureneutral","2.9194525826","26","15","6.959091484611418","1.9509908064004773","22","8.903073373441483","2.3650640021788982"
"urn:uuid:8d31e2af-7ea7-4f52-ac59-cbfcb58e875f","pureneutral","2.9194525826","22","12","6.959091484611418","1.9509908064004773","16","8.903073373441483","2.3650640021788982"
"urn:uuid:499bc00b-d9b4-4a1c-977b-5b19a10fe220","pureneutral","1.67161710672","14","9","5.081709202682945","1.7109174995998102","11","6.234595480102516","2.0061960339707094"
"urn:uuid:499bc00b-d9b4-4a1c-977b-5b19a10fe220","pureneutral","1.67161710672","21","11","5.081709202682945","1.7109174995998102","17","6.234595480102516","2.0061960339707094"
"urn:uuid:499bc00b-d9b4-4a1c-977b-5b19a10fe220","pureneutral","1.67161710672","20","11","5.081709202682945","1.7109174995998102","18","6.234595480102516","2.0061960339707094"
"urn:uuid:499bc00b-d9b4-4a1c-977b-5b19a10fe220","pureneutral","1.67161710672","16","9","5.081709202682945","1.7109174995998102","11","6.234595480102516","2.0061960339707094"
"urn:uuid:2705677d-68e6-44a3-93fa-8daf1620bf81","pureneutral","3.86638794751","33","16","8.088129642013522","2.0555724813179235","24","10.597063430556691","2.5443231319251356"
"urn:uuid:2705677d-68e6-44a3-93fa-8daf1620bf81","pureneutral","3.86638794751","29","12","8.088129642013522","2.0555724813179235","20","10.597063430556691","2.5443231319251356"
"urn:uuid:2705677d-68e6-44a3-93fa-8daf1620bf81","pureneutral","3.86638794751","33","13","8.088129642013522","2.0555724813179235","25","10.597063430556691","2.5443231319251356"
"urn:uuid:2705677d-68e6-44a3-93fa-8daf1620bf81","pureneutral","3.86638794751","35","16","8.088129642013522","2.0555724813179235","23","10.597063430556691","2.5443231319251356"
"urn:uuid:9b792a49-fd5e-40ba-9401-280da7f0b2fb","pureneutral","4.26826803335","33","16","8.512774932665884","2.088510914608339","24","11.252904980269456","2.6060006288182707"
"urn:uuid:9b792a49-fd5e-40ba-9401-280da7f0b2fb","pureneutral","4.26826803335","40","14","8.512774932665884","2.088510914608339","23","11.252904980269456","2.6060006288182707"
"urn:uuid:9b792a49-fd5e-40ba-9401-280da7f0b2fb","pureneutral","4.26826803335","34","13","8.512774932665884","2.088510914608339","18","11.252904980269456","2.6060006288182707"
"urn:uuid:9b792a49-fd5e-40ba-9401-280da7f0b2fb","pureneutral","4.26826803335","34","14","8.512774932665884","2.088510914608339","26","11.252904980269456","2.6060006288182707"
"urn:uuid:846b7d6c-d017-48df-a30c-fd507742c6b7","pureneutral","2.48205429761","20","10","6.361875516941334","1.8846016004052455","15","8.034834563122716","2.260185065093818"
"urn:uuid:846b7d6c-d017-48df-a30c-fd507742c6b7","pureneutral","2.48205429761","26","13","6.361875516941334","1.8846016004052455","18","8.034834563122716","2.260185065093818"
"urn:uuid:846b7d6c-d017-48df-a30c-fd507742c6b7","pureneutral","2.48205429761","23","14","6.361875516941334","1.8846016004052455","18","8.034834563122716","2.260185065093818"
"urn:uuid:846b7d6c-d017-48df-a30c-fd507742c6b7","pureneutral","2.48205429761","23","12","6.361875516941334","1.8846016004052455","18","8.034834563122716","2.260185065093818"
"urn:uuid:0f06f543-5504-4564-8645-cc67b7d18475","pureneutral","0.60146173165","11","7","2.837491273360208","1.2419047401682006","7","3.265468517379382","1.4009512227307577"
"urn:uuid:0f06f543-5504-4564-8645-cc67b7d18475","pureneutral","0.60146173165","7","5","2.837491273360208","1.2419047401682006","7","3.265468517379382","1.4009512227307577"
"urn:uuid:0f06f543-5504-4564-8645-cc67b7d18475","pureneutral","0.60146173165","11","5","2.837491273360208","1.2419047401682006","9","3.265468517379382","1.4009512227307577"
"urn:uuid:0f06f543-5504-4564-8645-cc67b7d18475","pureneutral","0.60146173165","12","6","2.837491273360208","1.2419047401682006","9","3.265468517379382","1.4009512227307577"
"urn:uuid:bf8a0f9e-68f3-42f3-885d-f3ef0ce80543","pureneutral","1.39603180633","21","12","4.579314899582212","1.628369170121707","18","5.549811893103714","1.8928470433362485"
"urn:uuid:bf8a0f9e-68f3-42f3-885d-f3ef0ce80543","pureneutral","1.39603180633","22","12","4.579314899582212","1.628369170121707","16","5.549811893103714","1.8928470433362485"
"urn:uuid:bf8a0f9e-68f3-42f3-885d-f3ef0ce80543","pureneutral","1.39603180633","17","7","4.579314899582212","1.628369170121707","10","5.549811893103714","1.8928470433362485"
"urn:uuid:bf8a0f9e-68f3-42f3-885d-f3ef0ce80543","pureneutral","1.39603180633","19","9","4.579314899582212","1.628369170121707","13","5.549811893103714","1.8928470433362485"
"urn:uuid:678eacc9-7055-4e83-8ccc-0964ded6dbf4","pureneutral","0.559137719491","6","3","2.7278569896678997","1.2096223899279919","5","3.1262185390376933","1.3619573050491258"
"urn:uuid:678eacc9-7055-4e83-8ccc-0964ded6dbf4","pureneutral","0.559137719491","12","9","2.7278569896678997","1.2096223899279919","10","3.1262185390376933","1.3619573050491258"
"urn:uuid:678eacc9-7055-4e83-8ccc-0964ded6dbf4","pureneutral","0.559137719491","11","7","2.7278569896678997","1.2096223899279919","9","3.1262185390376933","1.3619573050491258"
"urn:uuid:678eacc9-7055-4e83-8ccc-0964ded6dbf4","pureneutral","0.559137719491","11","7","2.7278569896678997","1.2096223899279919","9","3.1262185390376933","1.3619573050491258"
"urn:uuid:fc2cb655-cc9e-4999-b785-e879a030ffe7","pureneutral","1.53366669346","17","11","4.835324875226262","1.6716145163924507","13","5.897273575661786","1.951744583954749"
"urn:uuid:fc2cb655-cc9e-4999-b785-e879a030ffe7","pureneutral","1.53366669346","17","11","4.835324875226262","1.6716145163924507","13","5.897273575661786","1.951744583954749"
"urn:uuid:fc2cb655-cc9e-4999-b785-e879a030ffe7","pureneutral","1.53366669346","14","8","4.835324875226262","1.6716145163924507","12","5.897273575661786","1.951744583954749"
"urn:uuid:fc2cb655-cc9e-4999-b785-e879a030ffe7","pureneutral","1.53366669346","18","7","4.835324875226262","1.6716145163924507","11","5.897273575661786","1.951744583954749"
"urn:uuid:7b046305-6904-4211-87e1-f7e1d20a12a3","pureneutral","3.80962931321","28","12","8.025796402495228","2.0504558068231318","17","10.501676326347626","2.5350177282494872"
"urn:uuid:7b046305-6904-4211-87e1-f7e1d20a12a3","pureneutral","3.80962931321","34","15","8.025796402495228","2.0504558068231318","21","10.501676326347626","2.5350177282494872"
"urn:uuid:7b046305-6904-4211-87e1-f7e1d20a12a3","pureneutral","3.80962931321","28","12","8.025796402495228","2.0504558068231318","17","10.501676326347626","2.5350177282494872"
"urn:uuid:7b046305-6904-4211-87e1-f7e1d20a12a3","pureneutral","3.80962931321","34","15","8.025796402495228","2.0504558068231318","24","10.501676326347626","2.5350177282494872"
"urn:uuid:41d82454-0726-471f-9a54-3e6a1120c1ce","pureneutral","3.34285536371","39","17","7.488658246659824","2.003256981021775","31","9.688842505311001","2.452042680309083"
"urn:uuid:41d82454-0726-471f-9a54-3e6a1120c1ce","pureneutral","3.34285536371","37","20","7.488658246659824","2.003256981021775","27","9.688842505311001","2.452042680309083"
"urn:uuid:41d82454-0726-471f-9a54-3e6a1120c1ce","pureneutral","3.34285536371","27","15","7.488658246659824","2.003256981021775","19","9.688842505311001","2.452042680309083"
"urn:uuid:41d82454-0726-471f-9a54-3e6a1120c1ce","pureneutral","3.34285536371","29","21","7.488658246659824","2.003256981021775","22","9.688842505311001","2.452042680309083"
"urn:uuid:6248cbde-6541-437b-8075-7b89f6d3eae5","pureneutral","2.05139962616","22","13","5.713855865014043","1.802565141059326","14","7.113425390666865","2.1371426280445474"
"urn:uuid:6248cbde-6541-437b-8075-7b89f6d3eae5","pureneutral","2.05139962616","19","13","5.713855865014043","1.802565141059326","18","7.113425390666865","2.1371426280445474"
"urn:uuid:6248cbde-6541-437b-8075-7b89f6d3eae5","pureneutral","2.05139962616","21","11","5.713855865014043","1.802565141059326","15","7.113425390666865","2.1371426280445474"
"urn:uuid:6248cbde-6541-437b-8075-7b89f6d3eae5","pureneutral","2.05139962616","16","9","5.713855865014043","1.802565141059326","14","7.113425390666865","2.1371426280445474"
"urn:uuid:f19d9f7d-d367-4382-8f26-b8b3c17f4206","pureneutral","4.54058862197","35","13","8.785085774997611","2.107916375167507","27","11.679103573744214","2.64402028402336"
"urn:uuid:f19d9f7d-d367-4382-8f26-b8b3c17f4206","pureneutral","4.54058862197","39","18","8.785085774997611","2.107916375167507","27","11.679103573744214","2.64402028402336"
"urn:uuid:f19d9f7d-d367-4382-8f26-b8b3c17f4206","pureneutral","4.54058862197","37","17","8.785085774997611","2.107916375167507","25","11.679103573744214","2.64402028402336"
"urn:uuid:f19d9f7d-d367-4382-8f26-b8b3c17f4206","pureneutral","4.54058862197","34","16","8.785085774997611","2.107916375167507","23","11.679103573744214","2.64402028402336"
"urn:uuid:e9315b1c-52d9-49ba-9997-a13ec59705bc","pureneutral","4.27748575227","33","16","8.522187776517985","2.089203770560132","26","11.267562975375151","2.6073345195899003"
"urn:uuid:e9315b1c-52d9-49ba-9997-a13ec59705bc","pureneutral","4.27748575227","36","17","8.522187776517985","2.089203770560132","28","11.267562975375151","2.6073345195899003"
"urn:uuid:e9315b1c-52d9-49ba-9997-a13ec59705bc","pureneutral","4.27748575227","29","12","8.522187776517985","2.089203770560132","20","11.267562975375151","2.6073345195899003"
"urn:uuid:e9315b1c-52d9-49ba-9997-a13ec59705bc","pureneutral","4.27748575227","37","17","8.522187776517985","2.089203770560132","25","11.267562975375151","2.6073345195899003"
"urn:uuid:5e0d61f5-72ac-4837-8567-44d484495fe9","pureneutral","4.79936038061","34","18","9.033315698326279","2.124469868106795","21","12.071540120705842","2.677665601092605"
"urn:uuid:5e0d61f5-72ac-4837-8567-44d484495fe9","pureneutral","4.79936038061","34","15","9.033315698326279","2.124469868106795","24","12.071540120705842","2.677665601092605"
"urn:uuid:5e0d61f5-72ac-4837-8567-44d484495fe9","pureneutral","4.79936038061","37","16","9.033315698326279","2.124469868106795","27","12.071540120705842","2.677665601092605"
"urn:uuid:5e0d61f5-72ac-4837-8567-44d484495fe9","pureneutral","4.79936038061","25","10","9.033315698326279","2.124469868106795","19","12.071540120705842","2.677665601092605"
"urn:uuid:5ac0cd1d-42a2-4acc-9cbf-e6dec38c4dd5","pureneutral","4.29962909493","35","17","8.5447425498309","2.090857491828828","23","11.302707512231095","2.6105249695309123"
"urn:uuid:5ac0cd1d-42a2-4acc-9cbf-e6dec38c4dd5","pureneutral","4.29962909493","35","17","8.5447425498309","2.090857491828828","24","11.302707512231095","2.6105249695309123"
"urn:uuid:5ac0cd1d-42a2-4acc-9cbf-e6dec38c4dd5","pureneutral","4.29962909493","35","17","8.5447425498309","2.090857491828828","23","11.302707512231095","2.6105249695309123"
"urn:uuid:5ac0cd1d-42a2-4acc-9cbf-e6dec38c4dd5","pureneutral","4.29962909493","32","16","8.5447425498309","2.090857491828828","21","11.302707512231095","2.6105249695309123"
"urn:uuid:00f47a21-a6ed-4621-9235-a2d10ba6a967","pureneutral","2.64238692617","32","18","6.587295095556968","1.9106375033535477","22","8.360364741250597","2.300668289942255"
"urn:uuid:00f47a21-a6ed-4621-9235-a2d10ba6a967","pureneutral","2.64238692617","34","16","6.587295095556968","1.9106375033535477","27","8.360364741250597","2.300668289942255"
"urn:uuid:00f47a21-a6ed-4621-9235-a2d10ba6a967","pureneutral","2.64238692617","25","14","6.587295095556968","1.9106375033535477","19","8.360364741250597","2.300668289942255"
"urn:uuid:00f47a21-a6ed-4621-9235-a2d10ba6a967","pureneutral","2.64238692617","17","11","6.587295095556968","1.9106375033535477","13","8.360364741250597","2.300668289942255"
"urn:uuid:f7abf2a9-5a50-46cd-8e00-27a2c485503d","pureneutral","4.70652325115","37","18","8.945392481713705","2.1187290464739243","27","11.932105505943978","2.6658574766481853"
"urn:uuid:f7abf2a9-5a50-46cd-8e00-27a2c485503d","pureneutral","4.70652325115","38","14","8.945392481713705","2.1187290464739243","24","11.932105505943978","2.6658574766481853"
"urn:uuid:f7abf2a9-5a50-46cd-8e00-27a2c485503d","pureneutral","4.70652325115","39","15","8.945392481713705","2.1187290464739243","28","11.932105505943978","2.6658574766481853"
"urn:uuid:f7abf2a9-5a50-46cd-8e00-27a2c485503d","pureneutral","4.70652325115","29","16","8.945392481713705","2.1187290464739243","18","11.932105505943978","2.6658574766481853"
"urn:uuid:2b394b13-9076-489d-81a0-6b1cc5b733a5","pureneutral","3.8137663286","43","19","8.03036044233598","2.0508329392941222","30","10.508652990589482","2.5357012990297036"
"urn:uuid:2b394b13-9076-489d-81a0-6b1cc5b733a5","pureneutral","3.8137663286","25","10","8.03036044233598","2.0508329392941222","20","10.508652990589482","2.5357012990297036"
"urn:uuid:2b394b13-9076-489d-81a0-6b1cc5b733a5","pureneutral","3.8137663286","34","11","8.03036044233598","2.0508329392941222","26","10.508652990589482","2.5357012990297036"
"urn:uuid:2b394b13-9076-489d-81a0-6b1cc5b733a5","pureneutral","3.8137663286","28","11","8.03036044233598","2.0508329392941222","17","10.508652990589482","2.5357012990297036"
"urn:uuid:0f6a5bfa-5a79-4995-949d-595ecccedfa6","pureneutral","4.94147927997","40","21","9.16554814016829","2.1328533505139107","28","12.282147436769144","2.6952013666071273"
"urn:uuid:0f6a5bfa-5a79-4995-949d-595ecccedfa6","pureneutral","4.94147927997","31","17","9.16554814016829","2.1328533505139107","24","12.282147436769144","2.6952013666071273"
"urn:uuid:0f6a5bfa-5a79-4995-949d-595ecccedfa6","pureneutral","4.94147927997","34","18","9.16554814016829","2.1328533505139107","22","12.282147436769144","2.6952013666071273"
"urn:uuid:0f6a5bfa-5a79-4995-949d-595ecccedfa6","pureneutral","4.94147927997","30","15","9.16554814016829","2.1328533505139107","21","12.282147436769144","2.6952013666071273"
"urn:uuid:6ca80bf2-98b1-4c3b-b452-8e9ea865c958","pureneutral","4.81372069052","37","17","9.046805650008562","2.125338871480439","23","12.092975755332418","2.679466792277155"
"urn:uuid:6ca80bf2-98b1-4c3b-b452-8e9ea865c958","pureneutral","4.81372069052","36","15","9.046805650008562","2.125338871480439","27","12.092975755332418","2.679466792277155"
"urn:uuid:6ca80bf2-98b1-4c3b-b452-8e9ea865c958","pureneutral","4.81372069052","33","16","9.046805650008562","2.125338871480439","24","12.092975755332418","2.679466792277155"
"urn:uuid:6ca80bf2-98b1-4c3b-b452-8e9ea865c958","pureneutral","4.81372069052","46","18","9.046805650008562","2.125338871480439","32","12.092975755332418","2.679466792277155"
"urn:uuid:ad8cdc1c-6341-4b76-9c75-040ffc6ccafe","pureneutral","3.89140296345","33","16","8.115408631428716","2.0577886910440273","20","10.638878254167643","2.5483748746397525"
"urn:uuid:ad8cdc1c-6341-4b76-9c75-040ffc6ccafe","pureneutral","3.89140296345","25","12","8.115408631428716","2.0577886910440273","19","10.638878254167643","2.5483748746397525"
"urn:uuid:ad8cdc1c-6341-4b76-9c75-040ffc6ccafe","pureneutral","3.89140296345","31","11","8.115408631428716","2.0577886910440273","23","10.638878254167643","2.5483748746397525"
"urn:uuid:ad8cdc1c-6341-4b76-9c75-040ffc6ccafe","pureneutral","3.89140296345","32","19","8.115408631428716","2.0577886910440273","26","10.638878254167643","2.5483748746397525"
"urn:uuid:9c990127-92ee-4587-9004-14d973dd413b","pureneutral","4.75292808037","40","19","8.989496280241895","2.1216254403729438","30","12.00198857091068","2.6717955104834825"
"urn:uuid:9c990127-92ee-4587-9004-14d973dd413b","pureneutral","4.75292808037","37","18","8.989496280241895","2.1216254403729438","26","12.00198857091068","2.6717955104834825"
"urn:uuid:9c990127-92ee-4587-9004-14d973dd413b","pureneutral","4.75292808037","32","15","8.989496280241895","2.1216254403729438","27","12.00198857091068","2.6717955104834825"
"urn:uuid:9c990127-92ee-4587-9004-14d973dd413b","pureneutral","4.75292808037","32","16","8.989496280241895","2.1216254403729438","25","12.00198857091068","2.6717955104834825"
"urn:uuid:c1566ce1-4ca1-4946-acc9-c7823bd341dd","pureneutral","1.75655639024","21","14","5.228707888297167","1.733361755097109","16","6.437229974828868","2.037721240095323"
"urn:uuid:c1566ce1-4ca1-4946-acc9-c7823bd341dd","pureneutral","1.75655639024","16","9","5.228707888297167","1.733361755097109","15","6.437229974828868","2.037721240095323"
"urn:uuid:c1566ce1-4ca1-4946-acc9-c7823bd341dd","pureneutral","1.75655639024","21","14","5.228707888297167","1.733361755097109","17","6.437229974828868","2.037721240095323"
"urn:uuid:c1566ce1-4ca1-4946-acc9-c7823bd341dd","pureneutral","1.75655639024","17","10","5.228707888297167","1.733361755097109","14","6.437229974828868","2.037721240095323"
"urn:uuid:81636480-e99f-469c-a041-ddc4ec6a058a","pureneutral","4.24480556626","30","15","8.488752173746501","2.0867354286503295","25","11.215519842239932","2.602589922395925"
"urn:uuid:81636480-e99f-469c-a041-ddc4ec6a058a","pureneutral","4.24480556626","35","17","8.488752173746501","2.0867354286503295","25","11.215519842239932","2.602589922395925"
"urn:uuid:81636480-e99f-469c-a041-ddc4ec6a058a","pureneutral","4.24480556626","29","16","8.488752173746501","2.0867354286503295","23","11.215519842239932","2.602589922395925"
"urn:uuid:81636480-e99f-469c-a041-ddc4ec6a058a","pureneutral","4.24480556626","34","18","8.488752173746501","2.0867354286503295","25","11.215519842239932","2.602589922395925"
"urn:uuid:31a0258c-0362-423a-9104-7603c4682afa","pureneutral","2.48047217459","19","11","6.359611160317628","1.884333820289165","16","8.031577874948105","2.259772649857594"
"urn:uuid:31a0258c-0362-423a-9104-7603c4682afa","pureneutral","2.48047217459","26","16","6.359611160317628","1.884333820289165","17","8.031577874948105","2.259772649857594"
"urn:uuid:31a0258c-0362-423a-9104-7603c4682afa","pureneutral","2.48047217459","27","10","6.359611160317628","1.884333820289165","21","8.031577874948105","2.259772649857594"
"urn:uuid:31a0258c-0362-423a-9104-7603c4682afa","pureneutral","2.48047217459","25","14","6.359611160317628","1.884333820289165","19","8.031577874948105","2.259772649857594"
"urn:uuid:a7fb4e62-7611-453a-8ed8-6c6c16f38c0c","pureneutral","3.96410126872","31","18","8.194027675230807","2.064098013363288","26","10.75963094602513","2.559982477118133"
"urn:uuid:a7fb4e62-7611-453a-8ed8-6c6c16f38c0c","pureneutral","3.96410126872","31","17","8.194027675230807","2.064098013363288","23","10.75963094602513","2.559982477118133"
"urn:uuid:a7fb4e62-7611-453a-8ed8-6c6c16f38c0c","pureneutral","3.96410126872","27","12","8.194027675230807","2.064098013363288","18","10.75963094602513","2.559982477118133"
"urn:uuid:a7fb4e62-7611-453a-8ed8-6c6c16f38c0c","pureneutral","3.96410126872","29","15","8.194027675230807","2.064098013363288","24","10.75963094602513","2.559982477118133"
